ticket, name

 0034321007, 03/14/201,Cortney S Driskill, 03/16/1976, , 114741549,
 0034321012, 09/12/201,Kareem D Metallo, 09/14/1981, , 339481391,
 0034321015, 06/20/201,Cora M Bonde, 06/21/1958, , 502550581,60036
 0034321018, 04/15/202,Bailey J Bossler, 04/23/1979, , 293468641,33495
 0034321019, 05/15/202,Jamison D Dennin, 05/22/1980, , 422263931,85260
 0034321021, 10/01/202,Heriberto S Arterberry, 10/02/1980, , 207221611,33774
 0034321022, 09/30/202,Haylee E Girdler, 10/03/1983, , 461625138,33775
33775
